{
  "hash": "0ee67fd2",
  "configHash": "3d38da80",
  "lockfileHash": "88ec233c",
  "browserHash": "5c3908a2",
  "optimized": {
    "@angular/common": {
      "src": "../../../../../../node_modules/@angular/common/fesm2022/common.mjs",
      "file": "@angular_common.js",
      "fileHash": "497aa45f",
      "needsInterop": false
    },
    "@angular/common/http": {
      "src": "../../../../../../node_modules/@angular/common/fesm2022/http.mjs",
      "file": "@angular_common_http.js",
      "fileHash": "dedef43c",
      "needsInterop": false
    },
    "@angular/core": {
      "src": "../../../../../../node_modules/@angular/core/fesm2022/core.mjs",
      "file": "@angular_core.js",
      "fileHash": "5adb0ac4",
      "needsInterop": false
    },
    "@angular/forms": {
      "src": "../../../../../../node_modules/@angular/forms/fesm2022/forms.mjs",
      "file": "@angular_forms.js",
      "fileHash": "e9cf1526",
      "needsInterop": false
    },
    "@angular/platform-browser": {
      "src": "../../../../../../node_modules/@angular/platform-browser/fesm2022/platform-browser.mjs",
      "file": "@angular_platform-browser.js",
      "fileHash": "125210c5",
      "needsInterop": false
    },
    "@angular/router": {
      "src": "../../../../../../node_modules/@angular/router/fesm2022/router.mjs",
      "file": "@angular_router.js",
      "fileHash": "31259eb2",
      "needsInterop": false
    }
  },
  "chunks": {
    "chunk-QCHYBLVQ": {
      "file": "chunk-QCHYBLVQ.js"
    },
    "chunk-Q2V4KIFI": {
      "file": "chunk-Q2V4KIFI.js"
    },
    "chunk-WHIINZ7D": {
      "file": "chunk-WHIINZ7D.js"
    },
    "chunk-RWVBVTK3": {
      "file": "chunk-RWVBVTK3.js"
    }
  }
}